<ImportExportXml xmlns:xsi="http://www.w3.org/2001/XMLSchema-instance">
  <Entities></Entities>
  <Roles></Roles>
  <Workflows></Workflows>
  <FieldSecurityProfiles></FieldSecurityProfiles>
  <Templates />
  <EntityMaps />
  <EntityRelationships />
  <OrganizationSettings />
  <optionsets />
  <CustomControls />
  <SolutionPluginAssemblies>
    <PluginAssembly FullName="Rounding, Version=1.0.0.0, Culture=neutral, PublicKeyToken=9d3a3445a5b95bd0" PluginAssemblyId="ec12052e-9cf5-4ec1-b92d-dfb09710ac12" CustomizationLevel="1">
      <IsolationMode>2</IsolationMode>
      <SourceType>0</SourceType>
      <IntroducedVersion>1.0</IntroducedVersion>
      <FileName>/PluginAssemblies/Rounding-EC12052E-9CF5-4EC1-B92D-DFB09710AC12/Rounding.dll</FileName>
      <PluginTypes>
        <PluginType AssemblyQualifiedName="Rounding.RoundingMethod, Rounding, Version=1.0.0.0, Culture=neutral, PublicKeyToken=9d3a3445a5b95bd0" PluginTypeId="80fb681c-f2c0-4c91-ae3c-c0ec10181de7" Name="Rounding.RoundingMethod">
          <FriendlyName>24380372-e9b6-4e2a-b1ed-f796d5c85843</FriendlyName>
        </PluginType>
      </PluginTypes>
    </PluginAssembly>
  </SolutionPluginAssemblies>
  <EntityDataProviders />
  <Languages>
    <Language>1033</Language>
  </Languages>
</ImportExportXml>