<customapirequestparameter uniquename="roboest_forceposititve">
  <description default="If the number is negative will it need to be forced towards a positive outcome?">
    <label description="If the number is negative will it need to be forced towards a positive outcome?" languagecode="1033" />
  </description>
  <displayname default="Force a positive value?">
    <label description="Force a positive value?" languagecode="1033" />
  </displayname>
  <iscustomizable>1</iscustomizable>
  <isoptional>1</isoptional>
  <name>Force a positive value?</name>
  <type>0</type>
</customapirequestparameter>