<customapirequestparameter uniquename="roboest_roundingmethod">
  <description default="The manner in which the rounding will be done by default &quot;Round&quot; is used, other options are &quot;RoundUp&quot; &amp; &quot;RoundDown&quot;">
    <label description="The manner in which the rounding will be done by default &quot;Round&quot; is used, other options are &quot;RoundUp&quot; &amp; &quot;RoundDown&quot;" languagecode="1033" />
  </description>
  <displayname default="Rounding method">
    <label description="Rounding method" languagecode="1033" />
  </displayname>
  <iscustomizable>1</iscustomizable>
  <isoptional>1</isoptional>
  <name>Rounding method</name>
  <type>10</type>
</customapirequestparameter>