<customapi uniquename="roboest_RoundingDecimal">
  <allowedcustomprocessingsteptype>2</allowedcustomprocessingsteptype>
  <bindingtype>0</bindingtype>
  <description default="A custom unbound action that uses C# to convert a decimal to an integer.">
    <label description="A custom unbound action that uses C# to convert a decimal to an integer." languagecode="1033" />
  </description>
  <displayname default="Rounding Decimal to int">
    <label description="Rounding Decimal to int" languagecode="1033" />
  </displayname>
  <iscustomizable>1</iscustomizable>
  <isfunction>0</isfunction>
  <isprivate>0</isprivate>
  <name>Rounding Decimal to int</name>
  <plugintypeid>
    <plugintypeexportkey>80fb681c-f2c0-4c91-ae3c-c0ec10181de7</plugintypeexportkey>
  </plugintypeid>
  <workflowsdkstepenabled>0</workflowsdkstepenabled>
</customapi>