<customapiresponseproperty uniquename="roboest_integerResult">
  <description default="The resulting integer from the Decimal to int conversion">
    <label description="The resulting integer from the Decimal to int conversion" languagecode="1033" />
  </description>
  <displayname default="Integer Result">
    <label description="Integer Result" languagecode="1033" />
  </displayname>
  <iscustomizable>1</iscustomizable>
  <name>Result</name>
  <type>7</type>
</customapiresponseproperty>