<customapirequestparameter uniquename="roboest_decimalinput">
  <description default="The decimal that will be rounded through the function.">
    <label description="The decimal that will be rounded through the function." languagecode="1033" />
  </description>
  <displayname default="Decimal Input">
    <label description="Decimal Input" languagecode="1033" />
  </displayname>
  <iscustomizable>1</iscustomizable>
  <isoptional>0</isoptional>
  <name>Decimal</name>
  <type>2</type>
</customapirequestparameter>